,list_id,list_name,list_updated,Title,Author,Description,URL,ISBN10,published_date
0,704,Combined Print and E-Book Fiction,WEEKLY,VINCE FLYNN: CODE RED,Kyle Mills,The 22nd book in the Mitch Rapp series. Rapp and his team try to foil a plot by Russia without being discovered.,https://www.amazon.com/dp/1982164999?tag=NYTBSREV-20,1982165022,2023-10-01
1,704,Combined Print and E-Book Fiction,WEEKLY,HOLLY,Stephen King,The private detective Holly Gibney investigates whether a married pair of octogenarian academics had anything to do with Bonnie Dahl’s disappearance.,https://www.amazon.com/dp/1668016133?tag=NYTBSREV-20,1668016133,2023-10-01
2,704,Combined Print and E-Book Fiction,WEEKLY,FOURTH WING,Rebecca Yarros,"Violet Sorrengail is urged by the commanding general, who also is her mother, to become a candidate for the elite dragon riders.",https://www.amazon.com/dp/1649374046?tag=NYTBSREV-20,1649374046,2023-10-01
3,704,Combined Print and E-Book Fiction,WEEKLY,23 1/2 LIES,James Patterson,"Three thrillers: “23 ½ Lies” (written with Maxine Paetro), “Fallen Ranger” (written with Andrew Bourelle) and “Watch Your Back” (written with Loren D. Estleman).",https://www.amazon.com/dp/1538752689?tag=NYTBSREV-20,1538752700,2023-10-01
4,704,Combined Print and E-Book Fiction,WEEKLY,THINGS WE LEFT BEHIND,Lucy Score,The third book in the Knockemout series. A mogul and a small-town librarian share a dark secret from their past.,https://www.amazon.com/dp/1728276128?tag=NYTBSREV-20,1728276128,2023-10-01
5,704,Combined Print and E-Book Fiction,WEEKLY,FALL OF RUIN AND WRATH,Jennifer L. Armentrout,"In a world where only nine cities were spared divine destruction, Calista must decide whether to follow her intuition to safety or court calamity by pursuing a love.",https://www.amazon.com/dp/1250750199?tag=NYTBSREV-20,1250750199,2023-10-01
6,704,Combined Print and E-Book Fiction,WEEKLY,TOM LAKE,Ann Patchett,"Three daughters, who return to their family orchard in the spring of 2020, learn about their mother’s relationship with a famous actor.",https://www.amazon.com/dp/006332752X?tag=NYTBSREV-20,006332752X,2023-10-01
7,704,Combined Print and E-Book Fiction,WEEKLY,LESSONS IN CHEMISTRY,Bonnie Garmus,A scientist and single mother living in California in the 1960s becomes a star on a TV cooking show.,https://www.amazon.com/dp/038554734X?tag=NYTBSREV-20,038554734X,2023-10-01
8,704,Combined Print and E-Book Fiction,WEEKLY,THE HOUSEMAID,Freida McFadden,Troubles surface when a woman looking to make a fresh start takes a job in the home of the Winchesters.,https://www.amazon.com/dp/1538742578?tag=NYTBSREV-20,1538742578,2023-10-01
9,704,Combined Print and E-Book Fiction,WEEKLY,TOO LATE,Colleen Hoover,Dangers develop when a drug trafficker becomes obsessed with a woman who has a mutual attraction to a D.E.A. agent.,https://www.amazon.com/dp/1538756595?tag=NYTBSREV-20,1538756595,2023-10-01
10,704,Combined Print and E-Book Fiction,WEEKLY,THE COVENANT OF WATER,Abraham Verghese,Three generations of a family living on South India’s Malabar Coast suffer the loss of a family member by drowning.,https://www.amazon.com/dp/0802162177?tag=NYTBSREV-20,None,2023-10-01
11,704,Combined Print and E-Book Fiction,WEEKLY,PAYBACK IN DEATH,J.D. Robb,The 57th book of the In Death series. Eve Dallas looks into the death of an internal affairs captain.,https://www.amazon.com/dp/1250284090?tag=NYTBSREV-20,1250284104,2023-10-01
12,704,Combined Print and E-Book Fiction,WEEKLY,ASSISTANT TO THE VILLAIN,Hannah Nicole Maehrer,Evie Sage gets a job doing unspecified office duties for the most infamous villain in the kingdom of Rennedawn.,https://www.amazon.com/dp/1649375808?tag=NYTBSREV-20,1649375808,2023-10-01
13,704,Combined Print and E-Book Fiction,WEEKLY,DEMON COPPERHEAD,Barbara Kingsolver,Winner of a 2023 Pulitzer Prize for fiction. A reimagining of Charles Dickens’s “David Copperfield” set in the mountains of southern Appalachia.,https://www.amazon.com/dp/0063251922?tag=NYTBSREV-20,0063251922,2023-10-01
14,704,Combined Print and E-Book Fiction,WEEKLY,THE VASTER WILDS,Lauren Groff,"A servant girl, who escapes with almost nothing from a colonial settlement, finds the beliefs she learned are tested.",https://www.amazon.com/dp/0593418395?tag=NYTBSREV-20,0593418395,2023-10-01
15,708,Combined Print and E-Book Nonfiction,WEEKLY,ELON MUSK,Walter Isaacson,"The author of “The Code Breaker” traces Musk’s life and summarizes his work on electric vehicles, private space exploration and artificial intelligence.",https://www.amazon.com/dp/1982181281?tag=NYTBSREV-20,1982181281,2023-10-01
16,708,Combined Print and E-Book Nonfiction,WEEKLY,COUNTING THE COST,Jill Duggar with Derick Dillard and Craig Borlase,A behind-the-scenes account of the reality TV series “19 Kids and Counting” and a portrayal of life inside the Duggar family.,https://www.amazon.com/dp/1668024446?tag=NYTBSREV-20,1668024446,2023-10-01
17,708,Combined Print and E-Book Nonfiction,WEEKLY,KILLERS OF THE FLOWER MOON,David Grann,"The story of a murder spree in 1920s Oklahoma that targeted Osage Indians, whose lands contained oil.",https://www.amazon.com/Killers-Flower-Moon-Osage-Murders/dp/0385534248?tag=NYTBSREV-20,0307742482,2023-10-01
18,708,Combined Print and E-Book Nonfiction,WEEKLY,OUTLIVE,Peter Attia with Bill Gifford,A look at recent scientific research on aging and longevity.,https://www.amazon.com/dp/0593236599?tag=NYTBSREV-20,0593236599,2023-10-01
19,708,Combined Print and E-Book Nonfiction,WEEKLY,THE BODY KEEPS THE SCORE,Bessel van der Kolk,"How trauma affects the body and mind, and innovative treatments for recovery.",http://www.amazon.com/The-Body-Keeps-Score-Healing/dp/0670785938?tag=NYTBSREV-20,0143127748,2023-10-01
20,708,Combined Print and E-Book Nonfiction,WEEKLY,THE WAGER,David Grann,The survivors of a shipwrecked British vessel on a secret mission during an imperial war with Spain have different accounts of events.,https://www.amazon.com/dp/0385534264?tag=NYTBSREV-20,0385534264,2023-10-01
21,708,Combined Print and E-Book Nonfiction,WEEKLY,SCATTERSHOT,Bernie Taupin,A memoir by the lyricist best known for his collaborations with Elton John.,https://www.amazon.com/dp/0306828677?tag=NYTBSREV-20,0306828677,2023-10-01
22,708,Combined Print and E-Book Nonfiction,WEEKLY,TO INFINITY AND BEYOND,Neil deGrasse Tyson and Lindsey Nyx Walker,"Science and pop culture intertwine in this exploration of the cosmos, which includes parallel worlds and time travel.",https://www.amazon.com/dp/1426223307?tag=NYTBSREV-20,1426223307,2023-10-01
23,708,Combined Print and E-Book Nonfiction,WEEKLY,DOPPELGANGER,Naomi Klein,The author of “On Fire” and “No Is Not Enough” explores the mirror-worlds of online paranoia and conspiracy theories in a divided culture.,https://www.amazon.com/dp/0374610320?tag=NYTBSREV-20,0374610320,2023-10-01
24,708,Combined Print and E-Book Nonfiction,WEEKLY,TYRANNY OF THE MINORITY,Steven Levitsky and Daniel Ziblatt,The authors of “How Democracies Die” examine an authoritarian backlash happening in America.,https://www.amazon.com/dp/0593443071?tag=NYTBSREV-20,0593443071,2023-10-01
25,708,Combined Print and E-Book Nonfiction,WEEKLY,AMERICAN PROMETHEUS,Kai Bird and Martin J. Sherwin,A biography of J. Robert Oppenheimer. Winner of the Pulitzer Prize in 2006 and an inspiration for the film “Oppenheimer.”,https://www.amazon.com/dp/0375726268?tag=NYTBSREV-20,0375726268,2023-10-01
26,708,Combined Print and E-Book Nonfiction,WEEKLY,PUNISHED FOR DREAMING,Bettina L. Love,"A professor at Teachers College, Columbia University, looks at the impact of some public-school policies on Black children over the last four decades.",https://www.amazon.com/dp/1250280389?tag=NYTBSREV-20,1250280389,2023-10-01
27,708,Combined Print and E-Book Nonfiction,WEEKLY,I'M GLAD MY MOM DIED,Jennette McCurdy,The actress and filmmaker describes her eating disorders and difficult relationship with her mother.,https://www.amazon.com/dp/1982185821?tag=NYTBSREV-20,1982185821,2023-10-01
28,708,Combined Print and E-Book Nonfiction,WEEKLY,THE COMING WAVE,Mustafa Suleyman with Michael Bhaskar,A co-founder of the A.I. company DeepMind posits how new technology might affect the global order and our daily lives.,https://www.amazon.com/dp/0593593952?tag=NYTBSREV-20,0593593952,2023-10-01
29,708,Combined Print and E-Book Nonfiction,WEEKLY,BRAIDING SWEETGRASS,Robin Wall Kimmerer,A botanist and member of the Citizen Potawatomi Nation espouses having an understanding and appreciation of plants and animals.,https://www.amazon.com/Braiding-Sweetgrass-Indigenous-Scientific-Knowledge/dp/1571313567?tag=NYTBSREV-20,1571313567,2023-10-01
30,1,Hardcover Fiction,WEEKLY,HOLLY,Stephen King,The private detective Holly Gibney investigates whether a married pair of octogenarian academics had anything to do with Bonnie Dahl’s disappearance.,https://www.amazon.com/dp/1668016133?tag=NYTBSREV-20,1668016133,2023-10-01
31,1,Hardcover Fiction,WEEKLY,FOURTH WING,Rebecca Yarros,"Violet Sorrengail is urged by the commanding general, who also is her mother, to become a candidate for the elite dragon riders.",https://www.amazon.com/dp/1649374046?tag=NYTBSREV-20,1649374046,2023-10-01
32,1,Hardcover Fiction,WEEKLY,VINCE FLYNN: CODE RED,Kyle Mills,The 22nd book in the Mitch Rapp series. Rapp and his team try to foil a plot by Russia without being discovered.,https://www.amazon.com/dp/1982164999?tag=NYTBSREV-20,1982164999,2023-10-01
33,1,Hardcover Fiction,WEEKLY,TOM LAKE,Ann Patchett,"Three daughters, who return to their family orchard in the spring of 2020, learn about their mother’s relationship with a famous actor.",https://www.amazon.com/dp/006332752X?tag=NYTBSREV-20,006332752X,2023-10-01
34,1,Hardcover Fiction,WEEKLY,LESSONS IN CHEMISTRY,Bonnie Garmus,A scientist and single mother living in California in the 1960s becomes a star on a TV cooking show.,https://www.amazon.com/dp/038554734X?tag=NYTBSREV-20,038554734X,2023-10-01
35,1,Hardcover Fiction,WEEKLY,FALL OF RUIN AND WRATH,Jennifer L. Armentrout,"In a world where only nine cities were spared divine destruction, Calista must decide whether to follow her intuition to safety or court calamity by pursuing a love.",https://www.amazon.com/dp/1250750199?tag=NYTBSREV-20,1250750199,2023-10-01
36,1,Hardcover Fiction,WEEKLY,DEMON COPPERHEAD,Barbara Kingsolver,Winner of a 2023 Pulitzer Prize for fiction. A reimagining of Charles Dickens’s “David Copperfield” set in the mountains of southern Appalachia.,https://www.amazon.com/dp/0063251922?tag=NYTBSREV-20,0063251922,2023-10-01
37,1,Hardcover Fiction,WEEKLY,THE VASTER WILDS,Lauren Groff,"A servant girl, who escapes with almost nothing from a colonial settlement, finds the beliefs she learned are tested.",https://www.amazon.com/dp/0593418395?tag=NYTBSREV-20,0593418395,2023-10-01
38,1,Hardcover Fiction,WEEKLY,THE COVENANT OF WATER,Abraham Verghese,Three generations of a family living on South India’s Malabar Coast suffer the loss of a family member by drowning.,https://www.amazon.com/dp/0802162177?tag=NYTBSREV-20,0802162177,2023-10-01
39,1,Hardcover Fiction,WEEKLY,THE HEAVEN & EARTH GROCERY STORE,James McBride,Secrets held by the residents of a dilapidated neighborhood come to life when a skeleton is found at the bottom of a well.,https://www.amazon.com/dp/0593422945?tag=NYTBSREV-20,0593422945,2023-10-01
40,1,Hardcover Fiction,WEEKLY,THE FRAUD,Zadie Smith,"In 1873, a Scottish housekeeper to a once-famous novelist is captivated by a trial in which a lower-class butcher from Australia claims to be the rightful heir of a sizable estate and title.",https://www.amazon.com/dp/0525558969?tag=NYTBSREV-20,0525558969,2023-10-01
41,1,Hardcover Fiction,WEEKLY,PAYBACK IN DEATH,J.D. Robb,The 57th book of the In Death series. Eve Dallas looks into the death of an internal affairs captain.,https://www.amazon.com/dp/1250284090?tag=NYTBSREV-20,1250284090,2023-10-01
42,1,Hardcover Fiction,WEEKLY,NINETEEN STEPS,Millie Bob Brown with Kathleen McGurl,"In 1942 London, 18-year-old Nellie Morris has a chance encounter with an American airman.",https://www.amazon.com/dp/0063335778?tag=NYTBSREV-20,0063335778,2023-10-01
43,1,Hardcover Fiction,WEEKLY,MOTHER-DAUGHTER MURDER NIGHT,Nina Simon,"When her granddaughter finds a dead body while kayaking, a convalescing Los Angeles businesswoman tries to uncover the truth.",https://www.amazon.com/dp/0063315041?tag=NYTBSREV-20,0063315041,2023-10-01
44,1,Hardcover Fiction,WEEKLY,THE RIVER WE REMEMBER,William Kent Krueger,Suspicions and accusations complicate a sheriff’s investigation of a wealthy landowner’s murder in a small Minnesota town in 1958.,https://www.amazon.com/dp/198217921X?tag=NYTBSREV-20,198217921X,2023-10-01
45,2,Hardcover Nonfiction,WEEKLY,ELON MUSK,Walter Isaacson,"The author of “The Code Breaker” traces Musk’s life and summarizes his work on electric vehicles, private space exploration and artificial intelligence.",https://www.amazon.com/dp/1982181281?tag=NYTBSREV-20,1982181281,2023-10-01
46,2,Hardcover Nonfiction,WEEKLY,COUNTING THE COST,Jill Duggar with Derick Dillard and Craig Borlase,A behind-the-scenes account of the reality TV series “19 Kids and Counting” and a portrayal of life inside the Duggar family.,https://www.amazon.com/dp/1668024446?tag=NYTBSREV-20,1668024446,2023-10-01
47,2,Hardcover Nonfiction,WEEKLY,OUTLIVE,Peter Attia with Bill Gifford,A look at recent scientific research on aging and longevity.,https://www.amazon.com/dp/0593236599?tag=NYTBSREV-20,0593236599,2023-10-01
48,2,Hardcover Nonfiction,WEEKLY,TO INFINITY AND BEYOND,Neil deGrasse Tyson and Lindsey Nyx Walker,"Science and pop culture intertwine in this exploration of the cosmos, which includes parallel worlds and time travel.",https://www.amazon.com/dp/1426223307?tag=NYTBSREV-20,1426223307,2023-10-01
49,2,Hardcover Nonfiction,WEEKLY,SCATTERSHOT,Bernie Taupin,A memoir by the lyricist best known for his collaborations with Elton John.,https://www.amazon.com/dp/0306828677?tag=NYTBSREV-20,0306828677,2023-10-01
50,2,Hardcover Nonfiction,WEEKLY,PUNISHED FOR DREAMING,Bettina L. Love,"A professor at Teachers College, Columbia University, looks at the impact of some public-school policies on Black children over the last four decades.",https://www.amazon.com/dp/1250280389?tag=NYTBSREV-20,1250280389,2023-10-01
51,2,Hardcover Nonfiction,WEEKLY,THE WAGER,David Grann,The survivors of a shipwrecked British vessel on a secret mission during an imperial war with Spain have different accounts of events.,https://www.amazon.com/dp/0385534264?tag=NYTBSREV-20,0385534264,2023-10-01
52,2,Hardcover Nonfiction,WEEKLY,DOPPELGANGER,Naomi Klein,The author of “On Fire” and “No Is Not Enough” explores the mirror-worlds of online paranoia and conspiracy theories in a divided culture.,https://www.amazon.com/dp/0374610320?tag=NYTBSREV-20,0374610320,2023-10-01
53,2,Hardcover Nonfiction,WEEKLY,I'M GLAD MY MOM DIED,Jennette McCurdy,The actress and filmmaker describes her eating disorders and difficult relationship with her mother.,https://www.amazon.com/dp/1982185821?tag=NYTBSREV-20,1982185821,2023-10-01
54,2,Hardcover Nonfiction,WEEKLY,TYRANNY OF THE MINORITY,Steven Levitsky and Daniel Ziblatt,The authors of “How Democracies Die” examine an authoritarian backlash happening in America.,https://www.amazon.com/dp/0593443071?tag=NYTBSREV-20,0593443071,2023-10-01
55,2,Hardcover Nonfiction,WEEKLY,THE COMING WAVE,Mustafa Suleyman with Michael Bhaskar,A co-founder of the A.I. company DeepMind posits how new technology might affect the global order and our daily lives.,https://www.amazon.com/dp/0593593952?tag=NYTBSREV-20,0593593952,2023-10-01
56,2,Hardcover Nonfiction,WEEKLY,WHY WE LOVE BASEBALL,Joe Posnanski,The author of “The Baseball 100” brings to life 50 moments in baseball’s history.,https://www.amazon.com/dp/0593472675?tag=NYTBSREV-20,0593472675,2023-10-01
57,2,Hardcover Nonfiction,WEEKLY,GLOSSY,Marisa Meltzer,"A tell-all about the beauty startup Glossier and its founder, Emily Weiss.",https://www.amazon.com/dp/1982190604?tag=NYTBSREV-20,1982190604,2023-10-01
58,2,Hardcover Nonfiction,WEEKLY,NECESSARY TROUBLE,Drew Gilpin Faust,The former Harvard president and author of “This Republic of Suffering” describes the misogyny and racism that compelled her to become a historian.,https://www.amazon.com/dp/0374601801?tag=NYTBSREV-20,0374601801,2023-10-01
59,2,Hardcover Nonfiction,WEEKLY,THE LAST POLITICIAN,Franklin Foer,"A staff writer at The Atlantic portrays the first two years of the Biden presidency, with a focus on Biden’s use of deal-making and compromise.",https://www.amazon.com/dp/1101981148?tag=NYTBSREV-20,1101981148,2023-10-01
60,17,Trade Fiction Paperback,WEEKLY,THINGS WE LEFT BEHIND,Lucy Score,The third book in the Knockemout series. A mogul and a small-town librarian share a dark secret from their past.,https://www.amazon.com/dp/1728276128?tag=NYTBSREV-20,1728276128,2023-10-01
61,17,Trade Fiction Paperback,WEEKLY,TOO LATE,Colleen Hoover,Dangers develop when a drug trafficker becomes obsessed with a woman who has a mutual attraction to a D.E.A. agent.,https://www.amazon.com/dp/1538756595?tag=NYTBSREV-20,1538756595,2023-10-01
62,17,Trade Fiction Paperback,WEEKLY,THE HOUSEMAID,Freida McFadden,Troubles surface when a woman looking to make a fresh start takes a job in the home of the Winchesters.,https://www.amazon.com/dp/1538742578?tag=NYTBSREV-20,1538742578,2023-10-01
63,17,Trade Fiction Paperback,WEEKLY,ASSISTANT TO THE VILLAIN,Hannah Nicole Maehrer,Evie Sage gets a job doing unspecified office duties for the most infamous villain in the kingdom of Rennedawn.,https://www.amazon.com/dp/1649375808?tag=NYTBSREV-20,1649375808,2023-10-01
64,17,Trade Fiction Paperback,WEEKLY,"HEAVEN OFFICIAL'S BLESSING: TIAN GUAN CI FU, VOL. 7",Mo Xiang Tong Xiu,Xie Lian joins with the ghost king Hua Cheng to take on White No-Face.,https://www.amazon.com/dp/1638585520?tag=NYTBSREV-20,1638585520,2023-10-01
65,17,Trade Fiction Paperback,WEEKLY,IT ENDS WITH US,Colleen Hoover,A battered wife raised in a violent home attempts to halt the cycle of abuse.,http://www.amazon.com/Ends-Us-Novel-Colleen-Hoover-ebook/dp/B0176M3U10?tag=NYTBSREV-20,1501110365,2023-10-01
66,17,Trade Fiction Paperback,WEEKLY,ICEBREAKER,Hannah Grace,Anastasia might need the help of the captain of a college hockey team to get on the Olympic figure skating team.,https://www.amazon.com/dp/1668026031?tag=NYTBSREV-20,1668026031,2023-10-01
67,17,Trade Fiction Paperback,WEEKLY,23 1/2 LIES,James Patterson,"Three thrillers: “23 ½ Lies” (written with Maxine Paetro), “Fallen Ranger” (written with Andrew Bourelle) and “Watch Your Back” (written with Loren D. Estleman).",https://www.amazon.com/dp/1538752689?tag=NYTBSREV-20,1538752689,2023-10-01
68,17,Trade Fiction Paperback,WEEKLY,VERITY,Colleen Hoover,Lowen Ashleigh is hired by the husband of an injured writer to complete her popular series and uncovers a horrifying truth.,https://www.amazon.com/dp/1791392792?tag=NYTBSREV-20,1538724731,2023-10-01
69,17,Trade Fiction Paperback,WEEKLY,MAD HONEY,Jodi Picoult and Jennifer Finney Boylan,"After returning to her hometown, Olivia McAfee’s son gets accused of killing his crush.",https://www.amazon.com/dp/1984818384?tag=NYTBSREV-20,1984818406,2023-10-01
70,17,Trade Fiction Paperback,WEEKLY,IT STARTS WITH US,Colleen Hoover,"In the sequel to “It Ends With Us,” Lily deals with her jealous ex-husband as she reconnects with her first boyfriend.",https://www.amazon.com/dp/1668001225?tag=NYTBSREV-20,1668001225,2023-10-01
71,17,Trade Fiction Paperback,WEEKLY,THE SEVEN HUSBANDS OF EVELYN HUGO,Taylor Jenkins Reid,A movie icon recounts stories of her loves and career to a struggling magazine writer.,https://www.amazon.com/dp/1501161938?tag=NYTBSREV-20,1501161938,2023-10-01
72,17,Trade Fiction Paperback,WEEKLY,TWISTED LOVE,Ana Huang,The first book in the Twisted series. Secrets emerge when Ava explores things with her brother’s best friend.,https://www.amazon.com/dp/1728274869?tag=NYTBSREV-20,1728274869,2023-10-01
73,17,Trade Fiction Paperback,WEEKLY,THE SILENT PATIENT,Alex Michaelides,Theo Faber looks into the mystery of a famous painter who stops speaking after shooting her husband.,https://www.amazon.com/Silent-Patient-Alex-Michaelides/dp/1250301696?tag=NYTBSREV-20,125030170X,2023-10-01
74,17,Trade Fiction Paperback,WEEKLY,THE MIDNIGHT LIBRARY,Matt Haig,Nora Seed finds a library beyond the edge of the universe that contains books with multiple possibilities of the lives one could have lived.,https://www.amazon.com/dp/0525559477?tag=NYTBSREV-20,0525559493,2023-10-01
75,4,Paperback Nonfiction,WEEKLY,KILLERS OF THE FLOWER MOON,David Grann,"The story of a murder spree in 1920s Oklahoma that targeted Osage Indians, whose lands contained oil. The fledgling F.B.I. intervened, ineffectively.",https://www.amazon.com/Killers-Flower-Moon-Osage-Murders/dp/0385534248?tag=NYTBSREV-20,0307742482,2023-10-01
76,4,Paperback Nonfiction,WEEKLY,THE BODY KEEPS THE SCORE,Bessel van der Kolk,"How trauma affects the body and mind, and innovative treatments for recovery.",http://www.amazon.com/The-Body-Keeps-Score-Healing/dp/0670785938?tag=NYTBSREV-20,0143127748,2023-10-01
77,4,Paperback Nonfiction,WEEKLY,AMERICAN PROMETHEUS,Kai Bird and Martin J. Sherwin,A biography of J. Robert Oppenheimer. Winner of the Pulitzer Prize in 2006 and an inspiration for the film “Oppenheimer.”,https://www.amazon.com/dp/0375726268?tag=NYTBSREV-20,0375726268,2023-10-01
78,4,Paperback Nonfiction,WEEKLY,BRAIDING SWEETGRASS,Robin Wall Kimmerer,A botanist and member of the Citizen Potawatomi Nation espouses having an understanding and appreciation of plants and animals.,https://www.amazon.com/Braiding-Sweetgrass-Indigenous-Scientific-Knowledge/dp/1571313567?tag=NYTBSREV-20,1571313567,2023-10-01
79,4,Paperback Nonfiction,WEEKLY,AN IMMENSE WORLD,Ed Yong,The Pulitzer Prize–winning science writer explains the sensory perceptions and ways of communication used by a variety of animals.,https://www.amazon.com/dp/0593133234?tag=NYTBSREV-20,0593133250,2023-10-01
80,4,Paperback Nonfiction,WEEKLY,ALL ABOUT LOVE,bell hooks,The late feminist icon explores the causes of a polarized society and the meaning of love.,https://www.amazon.com/dp/0060959479?tag=NYTBSREV-20,0060959479,2023-10-01
81,4,Paperback Nonfiction,WEEKLY,BORN A CRIME,Trevor Noah,A memoir about growing up biracial in apartheid South Africa by the former host of “The Daily Show.”,https://www.amazon.com/Born-Crime-Stories-African-Childhood-ebook/dp/B01DHWACVY?tag=NYTBSREV-20,0399588191,2023-10-01
82,4,Paperback Nonfiction,WEEKLY,EDUCATED,Tara Westover,"The daughter of survivalists, who is kept out of school, educates herself enough to leave home for university.",https://www.amazon.com/Educated-Memoir-Tara-Westover/dp/0399590501?tag=NYTBSREV-20,0399590528,2023-10-01
83,4,Paperback Nonfiction,WEEKLY,CRYING IN H MART,Michelle Zauner,"The daughter of a Korean mother and Jewish American father, and leader of the indie rock project Japanese Breakfast, describes creating her own identity after losing her mother to cancer.",https://www.amazon.com/dp/0525657746?tag=NYTBSREV-20,1984898957,2023-10-01
84,4,Paperback Nonfiction,WEEKLY,THE GLASS CASTLE,Jeannette Walls,The author recalls how she and her siblings were constantly moved from one bleak place to another.,http://www.amazon.com/The-Glass-Castle-A-Memoir/dp/074324754X?tag=NYTBSREV-20,074324754X,2023-10-01
85,4,Paperback Nonfiction,WEEKLY,"THINKING, FAST AND SLOW",Daniel Kahneman,When we can and cannot trust our intuitions in making business and personal decisions.,http://www.amazon.com/Thinking-Fast-Slow-Daniel-Kahneman-ebook/dp/B00555X8OA?tag=NYTBSREV-20,0374533555,2023-10-01
86,4,Paperback Nonfiction,WEEKLY,EMPIRE OF THE SUMMER MOON,S.C. Gwynne,"The story of Quanah Parker, the last chief of the Comanches.",http://www.amazon.com/Empire-Summer-Moon-Comanches-Powerful-ebook/dp/B003KN3MDG?tag=NYTBSREV-20,1416591060,2023-10-01
87,4,Paperback Nonfiction,WEEKLY,EVERYTHING I KNOW ABOUT LOVE,Dolly Alderton,The British journalist shares stories and observations; the basis of the TV series.,https://www.amazon.com/dp/0062968793?tag=NYTBSREV-20,0062968793,2023-10-01
88,4,Paperback Nonfiction,WEEKLY,SOLITO,Javier Zamora,The poet describes his journey over two months from El Salvador to the United States to reconnect with his parents who left years earlier.,https://www.amazon.com/dp/0593498062?tag=NYTBSREV-20,0593498089,2023-10-01
89,4,Paperback Nonfiction,WEEKLY,STAY TRUE,Hua Hsu,Winner of the 2023 Pulitzer Prize for memoir. A staff writer for The New Yorker remembers a friend who was killed in a carjacking.,https://www.amazon.com/dp/0593315200?tag=NYTBSREV-20,0593315200,2023-10-01
90,24,Advice How-To and Miscellaneous,WEEKLY,BUILD THE LIFE YOU WANT,Arthur C. Brooks and Oprah Winfrey,,https://www.amazon.com/dp/0593545400?tag=NYTBSREV-20,0593545400,2023-10-01
91,24,Advice How-To and Miscellaneous,WEEKLY,ATOMIC HABITS,James Clear,,https://www.amazon.com/Atomic-Habits-Proven-Build-Break/dp/0735211299?tag=NYTBSREV-20,0735211299,2023-10-01
92,24,Advice How-To and Miscellaneous,WEEKLY,THE WORLD CENTRAL KITCHEN COOKBOOK,José Andrés and World Central Kitchen with Sam Chapple-Sokol,,https://www.amazon.com/dp/0593579070?tag=NYTBSREV-20,0593579070,2023-10-01
93,24,Advice How-To and Miscellaneous,WEEKLY,THE CREATIVE ACT,Rick Rubin with Neil Strauss,,https://www.amazon.com/dp/0593652886?tag=NYTBSREV-20,0593652886,2023-10-01
94,24,Advice How-To and Miscellaneous,WEEKLY,THE ART OF HOME,Shea McGee,,https://www.amazon.com/dp/078523683X?tag=NYTBSREV-20,078523683X,2023-10-01
95,24,Advice How-To and Miscellaneous,WEEKLY,"XOXO, CODY",Cody Rigs with Rachel Bertsche,,https://www.amazon.com/dp/0593722531?tag=NYTBSREV-20,0593722531,2023-10-01
96,24,Advice How-To and Miscellaneous,WEEKLY,I COULD NOSH,Jake Cohen,,https://www.amazon.com/dp/0063239701?tag=NYTBSREV-20,0063239701,2023-10-01
97,24,Advice How-To and Miscellaneous,WEEKLY,YELLOWSTONE,"Gabriel ""Gator"" Guilbeau with Kim Laidlaw",,https://www.amazon.com/dp/1647228336?tag=NYTBSREV-20,1647228336,2023-10-01
98,24,Advice How-To and Miscellaneous,WEEKLY,"THE BOY, THE MOLE, THE FOX AND THE HORSE",Charlie Mackesy,,https://www.amazon.com/Boy-Mole-Fox-Horse/dp/0062976583?tag=NYTBSREV-20,0062976583,2023-10-01
99,24,Advice How-To and Miscellaneous,WEEKLY,BAKING YESTERYEAR,B. Dylan Hollis,,https://www.amazon.com/dp/0744080045?tag=NYTBSREV-20,0744080045,2023-10-01
100,13,Childrens Middle Grade Hardcover,WEEKLY,WONDER,R.J. Palacio,A boy with a facial deformity starts school.,http://www.amazon.com/Wonder-R-J-Palacio-ebook/dp/B0051ANPZQ?tag=NYTBSREV-20,0375869026,2023-10-01
101,13,Childrens Middle Grade Hardcover,WEEKLY,REFUGEE,Alan Gratz,Three children in three different conflicts look for safe haven.,https://www.amazon.com/Refugee-Alan-Gratz/dp/0545880831?tag=NYTBSREV-20,0545880831,2023-10-01
102,13,Childrens Middle Grade Hardcover,WEEKLY,A HORSE NAMED SKY,Rosanne Parry.,The coming-of-age story of a young colt named Sky.,https://www.amazon.com/dp/0062995952?tag=NYTBSREV-20,0062995952,2023-10-01
103,13,Childrens Middle Grade Hardcover,WEEKLY,THE SUN AND THE STAR,Rick Riordan and Mark Oshiro,The demigods Will and Nico embark on a dangerous journey to the Underworld to rescue an old friend.,https://www.amazon.com/dp/1368081150?tag=NYTBSREV-20,1368081150,2023-10-01
104,13,Childrens Middle Grade Hardcover,WEEKLY,THE OFFICIAL HARRY POTTER COOKBOOK,Joanna Farrow,Forty plus recipes inspired by the films.,https://www.amazon.com/dp/1338893076?tag=NYTBSREV-20,1338893076,2023-10-01
105,13,Childrens Middle Grade Hardcover,WEEKLY,CHINESE MENU,Grace Lin,The stories behind American Chinese cuisine.,https://www.amazon.com/dp/0316486000?tag=NYTBSREV-20,0316486000,2023-10-01
106,13,Childrens Middle Grade Hardcover,WEEKLY,THE LOST LIBRARY,Rebecca Stead and Wendy Mass,"When a little free library appears seemingly overnight in the small town of Martinville, mysteries unfold.",https://www.amazon.com/dp/1250838819?tag=NYTBSREV-20,1250838819,2023-10-01
107,13,Childrens Middle Grade Hardcover,WEEKLY,ODDER,Katherine Applegate.,"After a shark attack, Odder recuperates at the aquarium with the scientists who raised her.",https://www.amazon.com/dp/1250147425?tag=NYTBSREV-20,1250147425,2023-10-01
108,13,Childrens Middle Grade Hardcover,WEEKLY,THE COMPLETE COOKBOOK FOR YOUNG CHEFS,America's Test Kitchen Kids,Over 100 kid-tested recipes from America's Test Kitchen.,https://www.amazon.com/Complete-Cookbook-Young-Chefs/dp/1492670022?tag=NYTBSREV-20,1492670022,2023-10-01
109,13,Childrens Middle Grade Hardcover,WEEKLY,GROUND ZERO,Alan Gratz,"Parallel storylines of Brandon and Reshmina take place on Sept. 11th, in 2001 and 2019.",https://www.amazon.com/dp/1338245759?tag=NYTBSREV-20,1338245759,2023-10-01
110,7,Picture Books,WEEKLY,JUST BECAUSE,Matthew McConaughey.,Wisdom about life’s contradictions.,https://www.amazon.com/dp/0593622030?tag=NYTBSREV-20,0593622030,2023-10-01
111,7,Picture Books,WEEKLY,GRUMPY MONKEY DON'T BE SCARED,Suzanne Lang.,Jim Panzee and his friends brave the dark jungle to collect Halloween treats.,https://www.amazon.com/dp/0593486951?tag=NYTBSREV-20,0593486951,2023-10-01
112,7,Picture Books,WEEKLY,DON'T LET THE PIGEON DRIVE THE SLEIGH!,Mo Willems,The pigeon has his sights set on driving Santa's sleigh.,https://www.amazon.com/dp/1454952776?tag=NYTBSREV-20,1454952776,2023-10-01
113,7,Picture Books,WEEKLY,BLUEY: SLEEPYTIME,Joe Brumm,Bingo wants to do a big girl sleep and wake up in her own bed.,https://www.amazon.com/dp/0593659589?tag=NYTBSREV-20,0593659589,2023-10-01
114,7,Picture Books,WEEKLY,"THE BAD SEED PRESENTS: THE GOOD, THE BAD, AND THE SPOOKY",Jory John.,Bad Seed seeks the perfect Halloween costume.,https://www.amazon.com/dp/0062954547?tag=NYTBSREV-20,0062954547,2023-10-01
115,7,Picture Books,WEEKLY,DRAGONS LOVE TACOS,Adam Rubin.,What to serve your dragon-guests.,http://www.amazon.com/Dragons-Love-Tacos-Adam-Rubin/dp/0803736800?tag=NYTBSREV-20,0803736800,2023-10-01
116,7,Picture Books,WEEKLY,THE WONDERFUL THINGS YOU WILL BE,Emily Winfield Martin,A celebration of future possibilities.,http://www.amazon.com/The-Wonderful-Things-You-Will/dp/0385376715?tag=NYTBSREV-20,0385376715,2023-10-01
117,7,Picture Books,WEEKLY,CREEPY PAIR OF UNDERWEAR,Aaron Reynolds.,Jasper Rabbit deals with a pair of glowing underwear that won't go away.,https://www.amazon.com/Creepy-Pair-Underwear-Aaron-Reynolds/dp/1442402989?tag=NYTBSREV-20,1442402989,2023-10-01
118,7,Picture Books,WEEKLY,CREEPY CRAYON!,Aaron Reynolds.,"Jasper finds a crayon that helps him in school, or so it seems.",https://www.amazon.com/dp/153446588X?tag=NYTBSREV-20,153446588X,2023-10-01
119,7,Picture Books,WEEKLY,THE LEAF THIEF,Alice Hemming.,Squirrel attempts to figure out who has stolen his leaves.,https://www.amazon.com/dp/1728235200?tag=NYTBSREV-20,1728235200,2023-10-01
120,10,Series Books,WEEKLY,THE SUMMER I TURNED PRETTY TRILOGY,Jenny Han,"A beach house, summer love and enduring friendships.",http://www.amazon.com/Well-Always-Summer-Turned-Pretty/dp/1416995587?tag=NYTBSREV-20,1416968296,2023-10-01
121,10,Series Books,WEEKLY,DIARY OF A WIMPY KID,and   Jeff Kinney,The travails and challenges of adolescence.,http://www.amazon.com/Diary-Wimpy-Kid-Hard-Luck/dp/1419711326?tag=NYTBSREV-20,141976294X,2023-10-01
122,10,Series Books,WEEKLY,THE INHERITANCE GAMES,Jennifer Lynn Barnes,Avery Grambs tries to figure out why an inheritance from a stranger was bestowed upon her.,https://www.amazon.com/dp/0316370959?tag=NYTBSREV-20,0316480770,2023-10-01
123,10,Series Books,WEEKLY,THE HUNGER GAMES,Suzanne Collins,"In a dystopia, a girl fights for survival on live TV.",http://www.amazon.com/Mockingjay-Final-Book-Hunger-Games/dp/0545663261?tag=NYTBSREV-20,1339016575,2023-10-01
124,10,Series Books,WEEKLY,A GOOD GIRL'S GUIDE TO MURDER,Holly Jackson,Pippa Fitz-Amobi solves murderous crimes.,https://www.amazon.com/dp/0593379853?tag=NYTBSREV-20,1984896393,2023-10-01
125,10,Series Books,WEEKLY,HARRY POTTER,J.K. Rowling,A wizard hones his conjuring skills in the service of fighting evil.,http://www.amazon.com/Harry-Potter-And-Order-Phoenix/dp/0439358078?tag=NYTBSREV-20,059035342X,2023-10-01
126,10,Series Books,WEEKLY,PERCY JACKSON & THE OLYMPIANS,Rick Riordan,A boy battles mythological monsters.,http://www.amazon.com/Titans-Curse-Percy-Jackson-Olympians/dp/1423101480?tag=NYTBSREV-20,0786838655,2023-10-01
127,10,Series Books,WEEKLY,THE ONE AND ONLY,Katherine Applegate,"The stories of Ivan, Bob and Ruby.",https://www.amazon.com/dp/0063080087?tag=NYTBSREV-20,0061992275,2023-10-01
128,10,Series Books,WEEKLY,CAPTAIN UNDERPANTS,and   Dav Pilkey,Boys and their principal fight evil.,http://www.amazon.com/Captain-Underpants-Revolting-Radioactive-Robo-Boxers/dp/0545175364?tag=NYTBSREV-20,1338865390,2023-10-01
129,10,Series Books,WEEKLY,FOLK OF THE AIR,Holly Black,Jude’s quest to become the first mortal queen of the High Court of Faerie.,https://www.amazon.com/Queen-Nothing-Folk-Air-Book-ebook/dp/B07PKRXQDH?tag=NYTBSREV-20,031631031X,2023-10-01
130,14,Young Adult Hardcover,WEEKLY,DIVINE RIVALS,Rebecca Ross,Two young rival journalists find love through a magical connection.,https://www.amazon.com/dp/1250857430?tag=NYTBSREV-20,1250857430,2023-10-01
131,14,Young Adult Hardcover,WEEKLY,THIS WINTER,Alice Oseman,"Siblings Tori, Charlie and Oliver deal with life challenges over the holiday season.",https://www.amazon.com/dp/1338885138?tag=NYTBSREV-20,1338885138,2023-10-01
132,14,Young Adult Hardcover,WEEKLY,THE SPIRIT BARES ITS TEETH,Andrew Joseph White,Silas Bell can hear the ghosts of missing students at Braxton's begging for help.,https://www.amazon.com/dp/1682636119?tag=NYTBSREV-20,1682636119,2023-10-01
133,14,Young Adult Hardcover,WEEKLY,FOXGLOVE,Adalyn Grace,"Fate, Death's brother, is determined to have Signa for himself at any cost.",https://www.amazon.com/dp/0316162507?tag=NYTBSREV-20,None,2023-10-01
134,14,Young Adult Hardcover,WEEKLY,SOLITAIRE,Alice Oseman,"Tori Spring is determined to find out who's behind the blog called Solitaire, which has caused serious pranks at her school.",https://www.amazon.com/dp/1338863428?tag=NYTBSREV-20,1338863428,2023-10-01
135,14,Young Adult Hardcover,WEEKLY,NICK AND CHARLIE,Alice Oseman,Nick and Charlie question whether their love is strong enough to survive being apart when Nick leaves for university.,https://www.amazon.com/dp/1338885103?tag=NYTBSREV-20,1338885103,2023-10-01
136,14,Young Adult Hardcover,WEEKLY,FIVE SURVIVE,Holly Jackson,Six friends on a spring break road trip in an R.V. are the target of a sniper.,https://www.amazon.com/dp/0593374169?tag=NYTBSREV-20,0593374169,2023-10-01
137,14,Young Adult Hardcover,WEEKLY,LONG LIVE THE PUMPKIN QUEEN,Shea Ernshaw,"Sally, the new Queen of Halloween Town, must save her town from a sleeping curse.",https://www.amazon.com/dp/1368069606?tag=NYTBSREV-20,1368069606,2023-10-01
138,14,Young Adult Hardcover,WEEKLY,HOUSE OF MARIONNE,J. Elle,"To flee assassins and hide the dark magic within her, Quell takes refuge at the House of Marionne with her grandmother.",https://www.amazon.com/dp/0593527704?tag=NYTBSREV-20,0593527704,2023-10-01
139,14,Young Adult Hardcover,WEEKLY,PRIDE AND PREJUDICE AND PITTSBURGH,Rachael Lippincott,"Audrey Cameron is transported back in time via a magic quarter to 1812 England, where she meets Lucy Sinclair.",https://www.amazon.com/dp/166593753X?tag=NYTBSREV-20,166593753X,2023-10-01
140,301,Audio Fiction,MONTHLY,TOM LAKE,Ann Patchett,"Three daughters, who return to their family orchard in the spring of 2020, learn about their mother’s relationship with a famous actor. Read by Meryl Streep. 11 hours, 22 minutes unabridged.",https://www.amazon.com/dp/006332752X?tag=NYTBSREV-20,,2023-10-01
141,301,Audio Fiction,MONTHLY,NONE OF THIS IS TRUE,Lisa Jewell,"After meeting a woman who shares the same birthday, Alix Summer becomes the subject of her own true crime podcast. Read by Kristin Atherton, Ayesha Antoine, Louise Brealey et al. 10 hours, 13 minutes unabridged.",https://www.amazon.com/dp/1982179007?tag=NYTBSREV-20,,2023-10-01
142,301,Audio Fiction,MONTHLY,FOURTH WING,Rebecca Yarros,"Violet Sorrengail is urged by the commanding general, who also is her mother, to become a candidate for the elite dragon riders. Read by Rebecca Soler and Teddy Hamilton. 20 hours, 47 minutes unabridged.",https://www.amazon.com/dp/1649374046?tag=NYTBSREV-20,1705085059,2023-10-01
143,301,Audio Fiction,MONTHLY,LESSONS IN CHEMISTRY,Bonnie Garmus,"A scientist and single mother living in California in the 1960s becomes a star on a TV cooking show. Read by Miranda Raison, Pandora Sykes and the author. 11 hours, 55 minutes unabridged.",https://www.amazon.com/dp/038554734X?tag=NYTBSREV-20,0593507533,2023-10-01
144,301,Audio Fiction,MONTHLY,DEMON COPPERHEAD,Barbara Kingsolver,"Winner of a 2023 Pulitzer Prize for fiction. A reimagining of Charles Dickens’s “David Copperfield” set in the mountains of southern Appalachia. Read by Charlie Thurston. 21 hours, 3 minutes unabridged.",https://www.amazon.com/dp/0063251922?tag=NYTBSREV-20,,2023-10-01
145,301,Audio Fiction,MONTHLY,THE COVENANT OF WATER,Abraham Verghese,"Three generations of a family living on South India’s Malabar Coast suffer the loss of a family member by drowning. Read by the author. 31 hours, 16 minutes unabridged.",https://www.amazon.com/dp/0802162177?tag=NYTBSREV-20,1705070248,2023-10-01
146,301,Audio Fiction,MONTHLY,REMARKABLY BRIGHT CREATURES,Shel Van Pelt,"A widow working the night shift at the Sowell Bay Aquarium is aided in solving a mystery by a giant Pacific octopus living there. Read by Marin Ireland and Michael Urie. 11 hours, 16 minutes unabridged.",https://www.amazon.com/dp/0063204150?tag=NYTBSREV-20,0063204185,2023-10-01
147,301,Audio Fiction,MONTHLY,VERITY,Colleen Hoover,"Lowen Ashleigh is hired by the husband of an injured writer to complete her popular series and uncovers a horrifying truth. Read by Vanessa Johansson and Amy Landon. 8 hours, 10 minutes unabridged.",https://www.amazon.com/dp/1791392792?tag=NYTBSREV-20,,2023-10-01
148,301,Audio Fiction,MONTHLY,IT ENDS WITH US,Colleen Hoover,"A battered wife raised in a violent home attempts to halt the cycle of abuse. Read by Olivia Song. 11 hours, 11 minutes unabridged.",http://www.amazon.com/Ends-Us-Novel-Colleen-Hoover-ebook/dp/B0176M3U10?tag=NYTBSREV-20,1508212694,2023-10-01
149,301,Audio Fiction,MONTHLY,THE SEVEN HUSBANDS OF EVELYN HUGO,Taylor Jenkins Reid,"A movie icon recounts stories of her loves and career to a struggling magazine writer. Read by Alma Cuervo, Julia Whelan and Robin Miles. 12 hours, 10 minutes unabridged.",https://www.amazon.com/dp/1501161938?tag=NYTBSREV-20,,2023-10-01
150,301,Audio Fiction,MONTHLY,THE HEAVEN & EARTH GROCERY STORE,James McBride,"Secrets held by the residents of a dilapidated neighborhood come to life when a skeleton is found at the bottom of a well. Read by Dominic Hoffman. 12 hours, 22 minutes unabridged.",https://www.amazon.com/dp/0593422945?tag=NYTBSREV-20,0593684125,2023-10-01
151,301,Audio Fiction,MONTHLY,AFTER THAT NIGHT,Karin Slaughter,"The 11th book in the Will Trent series. Trent’s investigation of a young woman’s assault reveals a link to an attack 15 years ago. Read by Kathleen Early. 16 hours, 34 minutes unabridged.",https://www.amazon.com/dp/0063157780?tag=NYTBSREV-20,,2023-10-01
152,301,Audio Fiction,MONTHLY,THE FIVE-STAR WEEKEND,Elin Hilderbrand,"After a tragedy, a popular food blogger brings friends from distinct times in her life to spend a weekend in Nantucket. Read by Erin Bennett. 12 hours, 45 minutes unabridged.",https://www.amazon.com/dp/0316258776?tag=NYTBSREV-20,,2023-10-01
153,301,Audio Fiction,MONTHLY,HELLO BEAUTIFUL,Ann Napolitano,"In a homage to Louisa May Alcott’s “Little Women,” a young man’s dark past resurfaces as he gets to know the family of his college sweetheart. Read by Maura Tierney. 15 hours, 7 minutes unabridged.",https://www.amazon.com/dp/0593243730?tag=NYTBSREV-20,0593664043,2023-10-01
154,301,Audio Fiction,MONTHLY,"RED, WHITE AND ROYAL BLUE",Casey McQuiston,"A staged friendship between the son of the president and his rival, the Prince of Wales, evolves into a secret and potentially dangerous romance. Read by Ramon de Ocampo. 12 hours, 15 minutes unabridged.",https://www.amazon.com/White-Royal-Blue-Casey-McQuiston/dp/1250316774?tag=NYTBSREV-20,,2023-10-01
155,302,Audio Nonfiction,MONTHLY,OUTLIVE,Peter Attia with Bill Gifford,"A look at recent scientific research on aging and longevity. Read by Peter Attia. 17 hours, 8 minutes unabridged.",https://www.amazon.com/dp/0593236599?tag=NYTBSREV-20,,2023-10-01
156,302,Audio Nonfiction,MONTHLY,AMERICAN PROMETHEUS,Kai Bird and Martin J. Sherwin,"A biography of J. Robert Oppenheimer. Winner of the Pulitzer Prize in 2006 and an inspiration for the film “Oppenheimer.” Read by Jeff Cummings. 26 hours, 30 minutes unabridged.",https://www.amazon.com/dp/0375726268?tag=NYTBSREV-20,,2023-10-01
157,302,Audio Nonfiction,MONTHLY,I'M GLAD MY MOM DIED,Jennette McCurdy,"The actress and filmmaker describes her eating disorders and difficult relationship with her mother. Read by the author. 6 hours, 25 minutes unabridged.",https://www.amazon.com/dp/1982185821?tag=NYTBSREV-20,,2023-10-01
158,302,Audio Nonfiction,MONTHLY,THE BODY KEEPS THE SCORE,Bessel van der Kolk,"How trauma affects the body and mind, and innovative treatments for recovery. Read by Sean Pratt. 16 hours, 17 minutes unabridged. ",http://www.amazon.com/The-Body-Keeps-Score-Healing/dp/0670785938?tag=NYTBSREV-20,,2023-10-01
159,302,Audio Nonfiction,MONTHLY,GREENLIGHTS,Matthew McConaughey,"The Academy Award-winning actor shares snippets from the diaries he kept over 35 years. Read by the author. 6 hours, 42 minutes unabridged.",https://www.amazon.com/dp/0593139135?tag=NYTBSREV-20,,2023-10-01
160,302,Audio Nonfiction,MONTHLY,KILLERS OF THE FLOWER MOON,David Grann,"The story of a murder spree in 1920s Oklahoma that targeted Osage Indians, whose lands contained oil. The fledgling F.B.I. intervened, ineffectively. Read by Will Patton, Ann Marie Lee and Danny Campbell. 9 hours, 45 minutes unabridged.",https://www.amazon.com/Killers-Flower-Moon-Osage-Murders/dp/0385534248?tag=NYTBSREV-20,,2023-10-01
161,302,Audio Nonfiction,MONTHLY,EXTREME OWNERSHIP,Jocko Willink and Leif Babin,"Applying the principles of Navy SEALs leadership training to any organization. Read by the authors. 8 hours, 15 minutes unabridged.",http://www.amazon.com/Extreme-Ownership-U-S-Navy-SEALs-ebook/dp/B00VE4Y0Z2?tag=NYTBSREV-20,,2023-10-01
162,302,Audio Nonfiction,MONTHLY,THE WAGER,David Grann,"The survivors of a shipwrecked British vessel on a secret mission during an imperial war with Spain have different accounts of events. Read by Dion Graham and the author. 8 hours, 28 minutes unabridged.",https://www.amazon.com/dp/0385534264?tag=NYTBSREV-20,,2023-10-01
163,302,Audio Nonfiction,MONTHLY,THE REAL ANTHONY FAUCI,Robert F. Kennedy Jr,"The anti-vaccine advocate gives his take on the former chief medical advisor to the president. Read by Bruce Wagner. 27 hours, 20 minutes unabridged.",https://www.amazon.com/dp/1510766804?tag=NYTBSREV-20,,2023-10-01
164,302,Audio Nonfiction,MONTHLY,SPARE,Prince Harry,"The Duke of Sussex details his struggles with the royal family, loss of his mother, service in the British Army and marriage to Meghan Markle. Read by the author. 15 hours, 39 minutes unabridged.",https://www.amazon.com/dp/0593593804?tag=NYTBSREV-20,0593675096,2023-10-01
165,302,Audio Nonfiction,MONTHLY,ADVERSITY FOR SALE,"Jay ""Jeezy"" Jenkins with Benjamin Meadows-Ingram","The Grammy-nominated recording artist shares how he overcame obstacles in his life and career. Read by Jay ""Jeezy"" Jenkins. 7 hours, 46 minutes unabridged.",https://www.amazon.com/dp/1400236258?tag=NYTBSREV-20,,2023-10-01
166,302,Audio Nonfiction,MONTHLY,LIKE A RIVER,Granger Smith,"The country music singer revisits the death of his son and his journey through grief. Read by the author. 5 hours, 56 minutes unabridged.",https://www.amazon.com/dp/1400334365?tag=NYTBSREV-20,,2023-10-01
167,302,Audio Nonfiction,MONTHLY,FINDING ME,Viola Davis,"The multiple award-winning actress describes the difficulties she encountered before claiming her sense of self and achieving professional success. Read by the author. 9 hours, 15 minutes unabridged.",https://www.amazon.com/dp/0063037327?tag=NYTBSREV-20,,2023-10-01
168,302,Audio Nonfiction,MONTHLY,SAPIENS,Yuval Noah Harari,"How Homo sapiens became Earth’s dominant species. Read by Derek Perkins. 15 hours, 17 minutes unabridged.",http://www.amazon.com/Sapiens-A-Brief-History-Humankind-ebook/dp/B00ICN066A?tag=NYTBSREV-20,0062796232,2023-10-01
169,302,Audio Nonfiction,MONTHLY,GAMBLER,Billy Walters with Armen Keteyian,"The sports gambler shares his life story and gives insights on his betting system. Read by Billy Walters. 10 hours, 56 minutes unabridged.",https://www.amazon.com/dp/1668032856?tag=NYTBSREV-20,,2023-10-01
170,532,Business Books,MONTHLY,ATOMIC HABITS,James Clear,,https://www.amazon.com/Atomic-Habits-Proven-Build-Break/dp/0735211299?tag=NYTBSREV-20,0735211299,2023-10-01
171,532,Business Books,MONTHLY,THE CREATIVE ACT,Rick Rubin with Neil Strauss,,https://www.amazon.com/dp/0593652886?tag=NYTBSREV-20,0593652886,2023-10-01
172,532,Business Books,MONTHLY,GAMBLER,Billy Walters with Armen Keteyian,,https://www.amazon.com/dp/1668032856?tag=NYTBSREV-20,1668032856,2023-10-01
173,532,Business Books,MONTHLY,"I WILL TEACH YOU TO BE RICH, SECOND EDITION",Ramit Sethi,,https://www.amazon.com/Will-Teach-You-Rich-Second-ebook/dp/B07GNXPP4P?tag=NYTBSREV-20,1523505745,2023-10-01
174,532,Business Books,MONTHLY,STAY SANE IN AN INSANE WORLD,Greg Harden with Steve Hamilton,,https://www.amazon.com/dp/1665092416?tag=NYTBSREV-20,1665092416,2023-10-01
175,532,Business Books,MONTHLY,DARE TO LEAD,Brené Brown,,https://www.amazon.com/Dare-Lead-Brave-Conversations-Hearts/dp/0399592520?tag=NYTBSREV-20,0399592520,2023-10-01
176,532,Business Books,MONTHLY,"THINKING, FAST AND SLOW",Daniel Kahneman,,http://www.amazon.com/Thinking-Fast-Slow-Daniel-Kahneman-ebook/dp/B00555X8OA?tag=NYTBSREV-20,0374533555,2023-10-01
177,532,Business Books,MONTHLY,FOUR THOUSAND WEEKS,Oliver Burkeman,,https://www.amazon.com/dp/0374159122?tag=NYTBSREV-20,1250849357,2023-10-01
178,532,Business Books,MONTHLY,OUTLIERS,Malcolm Gladwell,,http://www.amazon.com/Outliers-Story-Success-Malcolm-Gladwell/dp/0316017930?tag=NYTBSREV-20,0316017930,2023-10-01
179,532,Business Books,MONTHLY,"POVERTY, BY AMERICA",Matthew Desmond,,https://www.amazon.com/dp/0593239911?tag=NYTBSREV-20,0593239911,2023-10-01
180,719,Graphic Books and Manga,MONTHLY,TWENTY THOUSAND FLEAS UNDER THE SEA,Dav Pilkey,The 11th book in the Dog Man series. Piggy returns and the Supa Buddies are sabotaged.,https://www.amazon.com/dp/1338801910?tag=NYTBSREV-20,1338801910,2023-10-01
181,719,Graphic Books and Manga,MONTHLY,"HEARTSTOPPER, VOL. 1",Alice Oseman,Charlie and Nick deal with the ups and downs of high school at the same time they grow closer together.,https://www.amazon.com/dp/1338617435?tag=NYTBSREV-20,1338617435,2023-10-01
182,719,Graphic Books and Manga,MONTHLY,"JUJUTSU KAISEN, VOL. 20",Gege Akutami,Fushiguro and Reggie’s battle might be coming to an end while reincarnated sorcerers and a cursed spirit are involved in another fight.,https://www.amazon.com/dp/1974738744?tag=NYTBSREV-20,1974738744,2023-10-01
183,719,Graphic Books and Manga,MONTHLY,THE BAD GUYS IN LET THE GAMES BEGIN,Aaron Blabey,The 17th book in the Bad Guys series. The wannabe heroes return and a major shift in perception takes place.,https://www.amazon.com/dp/1338892711?tag=NYTBSREV-20,1338892711,2023-10-01
184,719,Graphic Books and Manga,MONTHLY,"HEARTSTOPPER, VOL. 2",Alice Oseman,"The second book in the Heartstopper series. Nick discovers things about the people around him, and about himself.",https://www.amazon.com/dp/1338617478?tag=NYTBSREV-20,1338617478,2023-10-01
185,719,Graphic Books and Manga,MONTHLY,"HEARTSTOPPER, VOL. 3",Alice Oseman,The third book in the Heartstopper series. Charlie and Nick learn about the coming-out process as they officially become boyfriends.,https://www.amazon.com/dp/1338617524?tag=NYTBSREV-20,1338617524,2023-10-01
186,719,Graphic Books and Manga,MONTHLY,TEENAGE MUTANT NINJA TURTLES: THE LAST RONIN,"Kevin Eastman, Peter Laird and Tom Waltz","A lone Turtle goes on a mission to get justice for his family in a post-apocalyptic New York. Illustrated by Esau Escorza, Isaac Escorza and Ben Bishop.",https://www.amazon.com/dp/1684058414?tag=NYTBSREV-20,1684058414,2023-10-01
187,719,Graphic Books and Manga,MONTHLY,"HEARTSTOPPER, VOL. 4",Alice Oseman,"The fourth book in the Heartstopper series. As the school year starts, Charlie and Nick face challenges of revealing who they are and what they feel.",https://www.amazon.com/dp/1338617559?tag=NYTBSREV-20,1338617559,2023-10-01
188,719,Graphic Books and Manga,MONTHLY,KAREN'S HAIRCUT,Ann M. Martin.,The seventh book in the Baby-Sitters Little Sister Series. A new haircut adds to Karen’s anxieties.,https://www.amazon.com/dp/1338762621?tag=NYTBSREV-20,1338762621,2023-10-01
189,719,Graphic Books and Manga,MONTHLY,"FIVE NIGHTS AT FREDDY'S: FAZBEAR FRIGHTS, VOL. 1","Scott Cawthon, Elley Cooper and Carly Anne West.",Three stories adapted into a graphic novel by Christopher Hastings.,https://www.amazon.com/dp/1338792679?tag=NYTBSREV-20,1338792679,2023-10-01
190,719,Graphic Books and Manga,MONTHLY,COLLABORATIONS,Dav Pilkey,"The fourth book in the Cat Kid Comic Club series. After doing their chores, baby frogs work together to create more mini-comics.",https://www.amazon.com/dp/1338846620?tag=NYTBSREV-20,1338846620,2023-10-01
191,719,Graphic Books and Manga,MONTHLY,PERSEPOLIS,Marjane Satrapi,"A memoir of the author’s life from ages 6 to 14 in Iran, during and after its 1979 revolution, depicted through black-and-white comic strip images.",http://www.amazon.com/Persepolis-Childhood-Pantheon-Graphic-Novels/dp/037571457X?tag=NYTBSREV-20,037571457X,2023-10-01
192,719,Graphic Books and Manga,MONTHLY,TEACHER'S PET,Francine Pascal.,The second book in the Sweet Valley Twins graphic novel series. Jessica seeks recognition from her teacher for her dancing. Adapted by Nicole Andelfinger.,https://www.amazon.com/dp/0593376501?tag=NYTBSREV-20,0593376501,2023-10-01
193,719,Graphic Books and Manga,MONTHLY,BEST FRIENDS,Francine Pascal.,The first book in the Sweet Valley Twins graphic novel series. The twins discover some differences between them as they start middle school. Adapted by Nicole Andelfinger.,https://www.amazon.com/dp/0593376463?tag=NYTBSREV-20,0593376463,2023-10-01
194,719,Graphic Books and Manga,MONTHLY,"JUJUTSU KAISEN, VOL. 1",Gege Akutami,"The athletic Yuji Itadori chooses to spend his time with members of the Occult Research Club, who unseal a cursed object.",https://www.amazon.com/dp/1974710025?tag=NYTBSREV-20,1974710025,2023-10-01
195,10018,Mass Market Monthly,MONTHLY,NO PLAN B,Lee Child and Andrew Child,The 27th book in the Jack Reacher series. Reacher goes after a killer but is unaware of the bigger implications.,https://www.amazon.com/dp/1984818546?tag=NYTBSREV-20,1984818570,2023-10-01
196,10018,Mass Market Monthly,MONTHLY,THE GIRL WHO SURVIVED,Lisa Jackson,"Two decades after a killing spree left her orphaned, Kara McIntyre’s brother, who was imprisoned for the murders, is released.",https://www.amazon.com/dp/142014636X?tag=NYTBSREV-20,142014636X,2023-10-01
197,10018,Mass Market Monthly,MONTHLY,VINCE FLYNN: OATH OF LOYALTY,Kyle Mills,"The 21st book in the Mitch Rapp series. President Cook, a team of assassins and a killer known as Legion confront Rapp on different fronts.",https://www.amazon.com/dp/1982164913?tag=NYTBSREV-20,1982164921,2023-10-01
198,10018,Mass Market Monthly,MONTHLY,BILLY SUMMERS,Stephen King,A killer for hire who only takes out bad guys seeks redemption as he does one final job.,https://www.amazon.com/dp/1982173610?tag=NYTBSREV-20,1668010127,2023-10-01
199,10018,Mass Market Monthly,MONTHLY,TOTAL CONTROL,David Baldacci,"When a plane carrying an executive at a technology conglomerate crashes into the Virginia countryside, Sidney Archer seeks the truth behind what caused it.",http://www.amazon.com/Total-Control-David-Baldacci-ebook/dp/B000FA5STS?tag=NYTBSREV-20,153874855X,2023-10-01
200,10018,Mass Market Monthly,MONTHLY,SHADOW DANCE,Christine Feehan,The eighth book in the Shadow Riders series. Geno connects to Amaranthe in the shadows and goes after his parents’ killer.,https://www.amazon.com/dp/0593638719?tag=NYTBSREV-20,0593638719,2023-10-01
201,10018,Mass Market Monthly,MONTHLY,ENCORE IN DEATH,J.D. Robb,The 56th book of the In Death series. Eve Dallas investigates the mysterious death of a well-loved star of stage and screen.,https://www.amazon.com/dp/1250284082?tag=NYTBSREV-20,1250866111,2023-10-01
202,10018,Mass Market Monthly,MONTHLY,THE HIGH NOTES,Danielle Steel,"Beginning at age 12, Iris Cooper endures a number of hardships in hopes of finding success as a singer.",https://www.amazon.com/dp/1984821741?tag=NYTBSREV-20,1984821768,2023-10-01
203,10018,Mass Market Monthly,MONTHLY,WEATHER THE STORM,Nora Roberts,Two thrillers: “The Welcoming” and “Without a Trace.”,https://www.amazon.com/dp/133545280X?tag=NYTBSREV-20,133545280X,2023-10-01
204,10018,Mass Market Monthly,MONTHLY,THE PERFECT ASSASSIN,James Patterson and Brian Sitts,The first book in the Doc Savage thriller series. Dr. Brandt Savage goes on sabbatical and winds up in a top-secret training program.,https://www.amazon.com/dp/1538721848?tag=NYTBSREV-20,1538721864,2023-10-01
205,10018,Mass Market Monthly,MONTHLY,THE BOYS FROM BILOXI,John Grisham,"Two childhood friends follow in their fathers’ footsteps, which puts them on opposite sides of the law.",https://www.amazon.com/dp/0385548923?tag=NYTBSREV-20,059346950X,2023-10-01
206,10018,Mass Market Monthly,MONTHLY,SPARRING PARTNERS,John Grisham,"Three novellas: “Homecoming,” “Strawberry Moon” and “Sparring Partners.”",https://www.amazon.com/dp/0385549326?tag=NYTBSREV-20,0593470907,2023-10-01
207,10018,Mass Market Monthly,MONTHLY,FEAR NO EVIL,James Patterson,The 29th book in the Alex Cross series. Cross fights the mastermind who has stalked him for years.,https://www.amazon.com/dp/0316499145?tag=NYTBSREV-20,1538752905,2023-10-01
208,10018,Mass Market Monthly,MONTHLY,DISTANT THUNDER,Stuart Woods,The 63rd book in the Stone Barrington series. Further adventures begin when a dead man turns up on Stone’s doorstep.,https://www.amazon.com/dp/0593540034?tag=NYTBSREV-20,0593540050,2023-10-01
209,10018,Mass Market Monthly,MONTHLY,THAT SUMMER,Jennifer Weiner,Daisy Shoemaker receives emails intended for a woman leading a more glamorous life and finds there was more to this accident.,https://www.amazon.com/dp/1501133543?tag=NYTBSREV-20,1668020661,2023-10-01
210,10015,Middle Grade Paperback Monthly,MONTHLY,A LONG WALK TO WATER,Linda Sue Park,,http://www.amazon.com/Long-Walk-Water-Based-Story/dp/0547577311?tag=NYTBSREV-20,0547577311,2023-10-01
211,10015,Middle Grade Paperback Monthly,MONTHLY,RESTART,Gordon Korman,,https://www.amazon.com/Restart-Gordon-Korman/dp/1338053809?tag=NYTBSREV-20,1338053809,2023-10-01
212,10015,Middle Grade Paperback Monthly,MONTHLY,WISH,Barbara O'Connor,,https://www.amazon.com/Wish-Barbara-OConnor/dp/1250144051?tag=NYTBSREV-20,1250144051,2023-10-01
213,10015,Middle Grade Paperback Monthly,MONTHLY,THE WILD ROBOT,Peter Brown,,http://www.amazon.com/The-Wild-Robot-Peter-Brown/dp/0316381993?tag=NYTBSREV-20,0316382000,2023-10-01
214,10015,Middle Grade Paperback Monthly,MONTHLY,FISH IN A TREE,Lynda Mullaly Hunt,,http://www.amazon.com/Fish-Tree-Lynda-Mullaly-Hunt/dp/0399162593?tag=NYTBSREV-20,0142426423,2023-10-01
215,10015,Middle Grade Paperback Monthly,MONTHLY,OUT OF MY MIND,Sharon M. Draper,,http://www.amazon.com/Out-My-Mind-Sharon-Draper/dp/1416971718?tag=NYTBSREV-20,1416971718,2023-10-01
216,10015,Middle Grade Paperback Monthly,MONTHLY,BROWN GIRL DREAMING,Jacqueline Woodson,,http://www.amazon.com/Brown-Girl-Dreaming-Jacqueline-Woodson/dp/0399252517?tag=NYTBSREV-20,0147515823,2023-10-01
217,10015,Middle Grade Paperback Monthly,MONTHLY,A WOLF CALLED WANDER,Rosanne Parry.,,https://www.amazon.com/Wolf-Called-Wander-Rosanne-Parry/dp/0062895931?tag=NYTBSREV-20,006289594X,2023-10-01
218,10015,Middle Grade Paperback Monthly,MONTHLY,THE BOY WHO HARNESSED THE WIND,William Kamkwamba and Bryan Mealer.,,https://www.amazon.com/Boy-Harnessed-Wind-Young-Readers/dp/0147510422?tag=NYTBSREV-20,0147510422,2023-10-01
219,10015,Middle Grade Paperback Monthly,MONTHLY,THE SCHOOL FOR WHATNOTS,Margaret Peterson Haddix,,https://www.amazon.com/dp/0062838504?tag=NYTBSREV-20,0062838504,2023-10-01
220,10016,Young Adult Paperback Monthly,MONTHLY,IF HE HAD BEEN WITH ME,Laura Nowlin,,http://www.amazon.com/If-He-Had-Been-Me-ebook/dp/B00APIVOIE?tag=NYTBSREV-20,1728205484,2023-10-01
221,10016,Young Adult Paperback Monthly,MONTHLY,GIRL IN PIECES,Kathleen Glasgow,,http://www.amazon.com/Girl-Pieces-Kathleen-Glasgow/dp/1101934719?tag=NYTBSREV-20,1101934743,2023-10-01
222,10016,Young Adult Paperback Monthly,MONTHLY,BETTER THAN THE MOVIES,Lynn Painter,,https://www.amazon.com/dp/1534467637?tag=NYTBSREV-20,1534467637,2023-10-01
223,10016,Young Adult Paperback Monthly,MONTHLY,THE BOOK THIEF,Markus Zusak,,http://www.amazon.com/The-Book-Thief-Markus-Zusak/dp/0375842209?tag=NYTBSREV-20,0375842209,2023-10-01
224,10016,Young Adult Paperback Monthly,MONTHLY,LONG WAY DOWN,Jason Reynolds,,https://www.amazon.com/Long-Way-Down-Jason-Reynolds/dp/1481438255?tag=NYTBSREV-20,1481438263,2023-10-01
225,10016,Young Adult Paperback Monthly,MONTHLY,THE SUMMER OF BROKEN RULES,K.L. Walther,,https://www.amazon.com/dp/1728210291?tag=NYTBSREV-20,1728210291,2023-10-01
226,10016,Young Adult Paperback Monthly,MONTHLY,THE COUNSELORS,Jessica Goodman,,https://www.amazon.com/dp/0593524241?tag=NYTBSREV-20,0593524241,2023-10-01
227,10016,Young Adult Paperback Monthly,MONTHLY,THE WAY I USED TO BE,Amber Smith,,http://www.amazon.com/The-Way-I-Used-Be/dp/1481449354?tag=NYTBSREV-20,1481449362,2023-10-01
228,10016,Young Adult Paperback Monthly,MONTHLY,THEY BOTH DIE AT THE END,Adam Silvera,,https://www.amazon.com/They-Both-Die-at-End/dp/0062457799?tag=NYTBSREV-20,0062457802,2023-10-01
229,10016,Young Adult Paperback Monthly,MONTHLY,CHAINSAW MAN: BUDDY STORIES,Sakaku Hishikawa,,https://www.amazon.com/dp/1974738663?tag=NYTBSREV-20,1974738663,2023-10-01
